,ISBN,序號
0,4711488870134,1
1,4713482022090,1
2,9780140564341,1
3,9780744531671,1
4,9780920668375,1
5,9786257030554,1
6,9786263057135,1
7,9786263057142,1
8,9786263078352,1
9,9786263145382,1
10,9786263246942,1
11,9786263423664,1
12,9786263423671,1
13,9786263423688,1
14,9786263423695,1
15,9786263551305,1
16,9786263551565,1
17,9786263552906,1
18,9786263553439,1
19,9786263553842,1
20,9786263554610,1
21,9786263556621,1
22,9786263557314,1
23,9786263558663,1
24,9786263558823,1
25,9786263558830,1
26,9786263558922,1
27,9786263582989,1
28,9786263583382,1
29,9786263584228,1
30,9786263584280,1
31,9786263584730,1
32,9786263616691,1
33,9786263617544,1
34,9786263618350,1
35,9786263618626,1
36,9786263618664,1
37,9786263743465,1
38,9786263961845,1
39,9786267030486,1
40,9786267030493,1
41,9786267030516,1
42,9786267030523,1
43,9786267030530,1
44,9786267030547,1
45,9786267030561,1
46,9786267030578,1
47,9786267030585,1
48,9786267038062,1
49,9786267038659,1
50,9786267038727,1
51,9786267038772,1
52,9786267212271,1
53,9786267271407,1
54,9786267271421,1
55,9786267271551,1
56,9786267271568,1
57,9786267271582,1
58,9786267271995,1
59,9786267281420,1
60,9786267281949,1
61,9786267304372,1
62,9786267352373,1
63,9786267352465,1
64,9786267352564,1
65,9786267361917,1
66,9786267365144,1
67,9786267365243,1
68,9786267365748,1
69,9786267427361,1
70,9786267502013,1
71,9786267502099,1
72,9786267502181,1
73,9786267503287,1
74,9786267532126,1
75,9786269639601,1
76,9786269678228,1
77,9786269678273,1
78,9786269678280,1
79,9786269704262,1
80,9786269704279,1
81,9786269704286,1
82,9786269704293,1
83,9786269729302,1
84,9786269729319,1
85,9786269729326,1
86,9786269729333,1
87,9786269729340,1
88,9786269729357,1
89,9786269729364,1
90,9786269729371,1
91,9786269729388,1
92,9786269729395,1
93,9786269729708,1
94,9786269729715,1
95,9786269729722,1
96,9786269729739,1
97,9786269729746,1
98,9786269729753,1
99,9786269752119,1
100,9786269818501,1
101,9789570873238,1
102,9789574456246,1
103,9789574516889,1
104,9789574516896,1
105,9789574516902,1
106,9789574516919,1
107,9789574516926,1
108,9789574516933,1
109,9789574516940,1
110,9789574516957,1
111,9789574516964,1
112,9789574516971,1
113,9789574577385,1
114,9789574577507,1
115,9789574577934,1
116,9789574577958,1
117,9789574577972,1
118,9789575217020,1
119,9789577627704,1
120,9789577627728,1
121,9789577627735,1
122,9789577627810,1
123,9789577627834,1
124,9789577627858,1
125,9789577627926,1
126,9789578620834,1
127,9789578620841,1
128,9789578620858,1
129,9789578620865,1
130,9789578620872,1
131,9789578620889,1
132,9789578620896,1
133,9789578620902,1
134,9789578620919,1
135,9789578620926,1
136,9789579057851,1
137,9789861617305,1
138,9789861617329,1
139,9789861617343,1
140,9789861617398,1
141,9789862237465,1
142,9789862237472,1
143,9789862237489,1
144,9789863386117,1
145,9789863386384,1
146,9789863705895,1
147,9789863779025,1
148,9789863779360,1
149,9789863849346,1
150,9789864492794,1
151,9789864492855,1
152,9789864492879,1
153,9789864492886,1
154,9789865252946,1
155,9789865252953,1
156,9789865253776,1
157,9789865257170,1
158,9789865262747,1
159,9789865505066,1
160,9789865505073,1
161,9789865505080,1
162,9789865581190,1
163,9789865581237,1
164,9789865988647,1
165,9789866809453,1
166,9789868044906,1
167,9789869296168,1
168,9789869867115,1
169,9789881580801,1
170,9789881580887,1
171,9789881600219,1
172,9789881600226,1
173,9789881600233,1
174,9789881600240,1
175,9789881600257,1
